<Application description="Unvired SAP Sample" name="UnviredSAPSample" namespace="UNVIRED" package="com.unvired.sample.sap" version="1.0">
    <BusinessEntity attachments="false" description="ME Relica: Person (Sample Application)" name="PERSON" onConflict="SERVER_WINS" save="true">
        <header className="com.unvired.sample.sap.be.PERSON_HEADER" description="" name="PERSON_HEADER">
            <Field description="Client" isGid="true" length="3" mandatory="true" name="MANDT" sqlType="TEXT"/>
            <Field description="Person Number (Sample Application)" isGid="true" length="10" mandatory="true" name="PERSNUMBER" sqlType="INTEGER"/>
            <Field description="First Name (Sample Application)" isGid="false" length="40" mandatory="false" name="FIRST_NAME" sqlType="TEXT"/>
            <Field description="Last Name (Sample Application)" isGid="false" length="40" mandatory="false" name="LAST_NAME" sqlType="TEXT"/>
            <Field description="Profession (Sample Application)" isGid="false" length="40" mandatory="false" name="PROFESSION" sqlType="TEXT"/>
            <Field description="Gender (Sample Application)" isGid="false" length="1" mandatory="false" name="SEX" sqlType="TEXT"/>
            <Field description="Birthday (Sample Application)" isGid="false" length="10" mandatory="false" name="BIRTHDAY" sqlType="TEXT"/>
            <Field description="Weight (Sample Application)" isGid="false" length="3" mandatory="false" name="WEIGHT" sqlType="REAL"/>
            <Field description="Height (Sample Application)" isGid="false" length="3" mandatory="false" name="HEIGHT" sqlType="REAL"/>
            <Field description="Category1 (Sample Application)" isGid="false" length="2" mandatory="false" name="CATEGORY1" sqlType="INTEGER"/>
            <Field description="Category2 (Sample Application)" isGid="false" length="20" mandatory="false" name="CATEGORY2" sqlType="TEXT"/>
            <Field description="Created on" isGid="false" length="10" mandatory="false" name="CREDAT" sqlType="TEXT"/>
            <Field description="Created by" isGid="false" length="12" mandatory="false" name="CRENAM" sqlType="TEXT"/>
            <Field description="Create Time" isGid="false" length="8" mandatory="false" name="CRETIM" sqlType="TEXT"/>
            <Field description="Last Changed on" isGid="false" length="10" mandatory="false" name="CHGDAT" sqlType="TEXT"/>
            <Field description="Last Changed by" isGid="false" length="12" mandatory="false" name="CHGNAM" sqlType="TEXT"/>
            <Field description="Last Changed at" isGid="false" length="8" mandatory="false" name="CHGTIM" sqlType="TEXT"/>
        </header>
        <item className="com.unvired.sample.sap.be.E_MAIL" description="" name="E_MAIL">
            <Field description="Client" isGid="true" length="3" mandatory="true" name="MANDT" sqlType="TEXT"/>
            <Field description="Person Number (Sample Application)" isGid="true" length="10" mandatory="true" name="PERSNUMBER" sqlType="INTEGER"/>
            <Field description="Seqeunce Number (Sample Application)" isGid="true" length="10" mandatory="true" name="SEQNO_E_MAIL" sqlType="INTEGER"/>
            <Field description="E-mail Address (Sample Application)" isGid="false" length="40" mandatory="false" name="E_ADDR" sqlType="TEXT"/>
            <Field description="E-mail Address Description (Sample Application)" isGid="false" length="40" mandatory="false" name="E_ADDR_TEXT" sqlType="TEXT"/>
        </item>
    </BusinessEntity>
</Application>
